HS2,2024_imports,2024_duty,CTY_NAME,CTY_CODE,2025_tariff_increase,2024_tariff
40,5440.0,0.0,NORFOLK ISLAND,6022,10.0,0.0
73,2267.0,0.0,NORFOLK ISLAND,6022,50.0,0.0
87,25046.0,623.0,NORFOLK ISLAND,6022,25.0,2.4874231414197876
90,14771.0,0.0,NORFOLK ISLAND,6022,10.0,0.0
94,1092.0,40.0,NORFOLK ISLAND,6022,10.0,3.6630036630036633
98,135868.0,0.0,NORFOLK ISLAND,6022,10.0,0.0
99,6681.0,0.0,NORFOLK ISLAND,6022,10.0,0.0
